{
  "target_symbol": "HG=F",
  "trained_at": "2026-01-07T19:54:04.280282",
  "train_samples": 226,
  "val_samples": 19,
  "train_mae": 0.010141070943310525,
  "train_rmse": 0.018942173609435228,
  "val_mae": 0.018960426742294503,
  "val_rmse": 0.025158335651051987,
  "best_iteration": 4,
  "feature_count": 58
}